{"cameraMode":{"drawMode":0,"name":"Shaded","section":"Shading Mode"},"sceneLighting":true,"audioPlay":false,"sceneViewState":{"m_AlwaysRefresh":false,"showFog":true,"showSkybox":true,"showFlares":true,"showImageEffects":true,"showParticleSystems":true,"showVisualEffectGraphs":true,"m_FxEnabled":true},"in2DMode":false,"pivot":{"x":-7.548984527587891,"y":12.776596069335938,"z":12.873732566833496},"rotation":{"x":-0.02336321957409382,"y":-0.9452945590019226,"z":0.31809118390083315,"w":-0.06933408230543137},"size":3.6599717140197756,"orthographic":false}