{"cameraMode":{"drawMode":0,"name":"Shaded","section":"Shading Mode"},"sceneLighting":true,"audioPlay":false,"sceneViewState":{"m_AlwaysRefresh":false,"showFog":true,"showSkybox":true,"showFlares":true,"showImageEffects":true,"showParticleSystems":true,"showVisualEffectGraphs":true,"m_FxEnabled":true},"in2DMode":false,"pivot":{"x":-1.8172698020935059,"y":0.9581605195999146,"z":-4.404553413391113},"rotation":{"x":-0.2826043367385864,"y":-0.06124626472592354,"z":0.018083173781633378,"w":-0.9571127891540527},"size":0.8660253882408142,"orthographic":false}